employee_id,day,shift,shift_time,role,assigned
E005,1,S1,00:00-08:00,BLO,1
MEDIUM_E062,1,S1,00:00-08:00,BLO,1
E014,1,S1,00:00-08:00,DAS,1
E022,1,S1,00:00-08:00,DAS,1
E027,1,S1,00:00-08:00,DAS,1
E028,1,S1,00:00-08:00,DAS,1
MEDIUM_E067,1,S1,00:00-08:00,DAS,1
MEDIUM_E058,1,S1,00:00-08:00,DS,1
MEDIUM_E061,1,S1,00:00-08:00,DS,1
E048,1,S1,00:00-08:00,FSTC,1
MEDIUM_E066,1,S1,00:00-08:00,FSTC,1
E024,1,S1,00:00-08:00,RS,1
MEDIUM_E060,1,S1,00:00-08:00,RS,1
E042,1,S1,00:00-08:00,SLS,1
MEDIUM_E049,1,S1,00:00-08:00,SLS,1
MEDIUM_E053,1,S2,08:00-16:00,BLO,1
MEDIUM_E056,1,S2,08:00-16:00,BLO,1
E003,1,S2,08:00-16:00,DAS,1
E007,1,S2,08:00-16:00,DAS,1
E011,1,S2,08:00-16:00,DAS,1
E019,1,S2,08:00-16:00,DAS,1
E029,1,S2,08:00-16:00,DAS,1
E040,1,S2,08:00-16:00,DAS,1
E046,1,S2,08:00-16:00,DAS,1
MEDIUM_E051,1,S2,08:00-16:00,DAS,1
MEDIUM_E052,1,S2,08:00-16:00,DAS,1
MEDIUM_E055,1,S2,08:00-16:00,DAS,1
MEDIUM_E057,1,S2,08:00-16:00,DAS,1
MEDIUM_E059,1,S2,08:00-16:00,DAS,1
E041,1,S2,08:00-16:00,DS,1
MEDIUM_E064,1,S2,08:00-16:00,DS,1
E026,1,S2,08:00-16:00,FSTC,1
E034,1,S2,08:00-16:00,FSTC,1
E023,1,S2,08:00-16:00,RS,1
E032,1,S2,08:00-16:00,RS,1
E001,1,S2,08:00-16:00,SLS,1
E017,1,S2,08:00-16:00,SLS,1
E004,1,S3,16:00-24:00,BLO,1
E044,1,S3,16:00-24:00,BLO,1
E047,1,S3,16:00-24:00,BLO,1
E002,1,S3,16:00-24:00,DAS,1
E018,1,S3,16:00-24:00,DAS,1
E020,1,S3,16:00-24:00,DAS,1
E021,1,S3,16:00-24:00,DAS,1
E031,1,S3,16:00-24:00,DAS,1
E037,1,S3,16:00-24:00,DAS,1
E038,1,S3,16:00-24:00,DAS,1
E045,1,S3,16:00-24:00,DAS,1
MEDIUM_E050,1,S3,16:00-24:00,DAS,1
MEDIUM_E063,1,S3,16:00-24:00,DAS,1
MEDIUM_E069,1,S3,16:00-24:00,DAS,1
MEDIUM_E070,1,S3,16:00-24:00,DAS,1
E010,1,S3,16:00-24:00,DS,1
E013,1,S3,16:00-24:00,DS,1
E033,1,S3,16:00-24:00,FSTC,1
E035,1,S3,16:00-24:00,FSTC,1
E006,1,S3,16:00-24:00,RS,1
E012,1,S3,16:00-24:00,RS,1
E025,1,S3,16:00-24:00,SLS,1
MEDIUM_E065,1,S3,16:00-24:00,SLS,1
E005,2,S1,00:00-08:00,BLO,1
MEDIUM_E062,2,S1,00:00-08:00,BLO,1
E009,2,S1,00:00-08:00,DAS,1
MEDIUM_E066,2,S1,00:00-08:00,DAS,1
MEDIUM_E067,2,S1,00:00-08:00,DAS,1
MEDIUM_E068,2,S1,00:00-08:00,DAS,1
E016,2,S1,00:00-08:00,DS,1
MEDIUM_E058,2,S1,00:00-08:00,DS,1
E030,2,S1,00:00-08:00,FSTC,1
E039,2,S1,00:00-08:00,FSTC,1
MEDIUM_E054,2,S1,00:00-08:00,RS,1
MEDIUM_E060,2,S1,00:00-08:00,RS,1
E043,2,S1,00:00-08:00,SLS,1
MEDIUM_E049,2,S1,00:00-08:00,SLS,1
E008,2,S2,08:00-16:00,BLO,1
MEDIUM_E053,2,S2,08:00-16:00,BLO,1
MEDIUM_E056,2,S2,08:00-16:00,BLO,1
E003,2,S2,08:00-16:00,DAS,1
E007,2,S2,08:00-16:00,DAS,1
E011,2,S2,08:00-16:00,DAS,1
E029,2,S2,08:00-16:00,DAS,1
E036,2,S2,08:00-16:00,DAS,1
E040,2,S2,08:00-16:00,DAS,1
E046,2,S2,08:00-16:00,DAS,1
MEDIUM_E051,2,S2,08:00-16:00,DAS,1
MEDIUM_E052,2,S2,08:00-16:00,DAS,1
MEDIUM_E055,2,S2,08:00-16:00,DAS,1
MEDIUM_E057,2,S2,08:00-16:00,DAS,1
MEDIUM_E059,2,S2,08:00-16:00,DAS,1
MEDIUM_E061,2,S2,08:00-16:00,DS,1
MEDIUM_E064,2,S2,08:00-16:00,DS,1
E026,2,S2,08:00-16:00,FSTC,1
E034,2,S2,08:00-16:00,FSTC,1
E024,2,S2,08:00-16:00,RS,1
E032,2,S2,08:00-16:00,RS,1
E001,2,S2,08:00-16:00,SLS,1
E042,2,S2,08:00-16:00,SLS,1
E041,2,S3,16:00-24:00,BLO,1
E044,2,S3,16:00-24:00,BLO,1
E002,2,S3,16:00-24:00,DAS,1
E015,2,S3,16:00-24:00,DAS,1
E019,2,S3,16:00-24:00,DAS,1
E021,2,S3,16:00-24:00,DAS,1
E022,2,S3,16:00-24:00,DAS,1
E028,2,S3,16:00-24:00,DAS,1
E031,2,S3,16:00-24:00,DAS,1
E037,2,S3,16:00-24:00,DAS,1
E038,2,S3,16:00-24:00,DAS,1
MEDIUM_E050,2,S3,16:00-24:00,DAS,1
MEDIUM_E063,2,S3,16:00-24:00,DAS,1
MEDIUM_E069,2,S3,16:00-24:00,DAS,1
MEDIUM_E070,2,S3,16:00-24:00,DAS,1
E010,2,S3,16:00-24:00,DS,1
E013,2,S3,16:00-24:00,DS,1
E035,2,S3,16:00-24:00,FSTC,1
E048,2,S3,16:00-24:00,FSTC,1
E006,2,S3,16:00-24:00,RS,1
E012,2,S3,16:00-24:00,RS,1
E025,2,S3,16:00-24:00,SLS,1
MEDIUM_E065,2,S3,16:00-24:00,SLS,1
E005,3,S1,00:00-08:00,BLO,1
E014,3,S1,00:00-08:00,BLO,1
E020,3,S1,00:00-08:00,DAS,1
E047,3,S1,00:00-08:00,DAS,1
MEDIUM_E066,3,S1,00:00-08:00,DAS,1
MEDIUM_E067,3,S1,00:00-08:00,DAS,1
MEDIUM_E068,3,S1,00:00-08:00,DAS,1
E027,3,S1,00:00-08:00,DS,1
MEDIUM_E058,3,S1,00:00-08:00,DS,1
E018,3,S1,00:00-08:00,FSTC,1
E033,3,S1,00:00-08:00,FSTC,1
E023,3,S1,00:00-08:00,RS,1
MEDIUM_E054,3,S1,00:00-08:00,RS,1
E017,3,S1,00:00-08:00,SLS,1
MEDIUM_E049,3,S1,00:00-08:00,SLS,1
E008,3,S2,08:00-16:00,BLO,1
MEDIUM_E053,3,S2,08:00-16:00,BLO,1
MEDIUM_E056,3,S2,08:00-16:00,BLO,1
E003,3,S2,08:00-16:00,DAS,1
E004,3,S2,08:00-16:00,DAS,1
E007,3,S2,08:00-16:00,DAS,1
E009,3,S2,08:00-16:00,DAS,1
E011,3,S2,08:00-16:00,DAS,1
E029,3,S2,08:00-16:00,DAS,1
E036,3,S2,08:00-16:00,DAS,1
E040,3,S2,08:00-16:00,DAS,1
E045,3,S2,08:00-16:00,DAS,1
MEDIUM_E051,3,S2,08:00-16:00,DAS,1
MEDIUM_E052,3,S2,08:00-16:00,DAS,1
MEDIUM_E055,3,S2,08:00-16:00,DAS,1
MEDIUM_E057,3,S2,08:00-16:00,DAS,1
MEDIUM_E059,3,S2,08:00-16:00,DAS,1
E016,3,S2,08:00-16:00,DS,1
MEDIUM_E064,3,S2,08:00-16:00,DS,1
E026,3,S2,08:00-16:00,FSTC,1
E039,3,S2,08:00-16:00,FSTC,1
E024,3,S2,08:00-16:00,RS,1
E032,3,S2,08:00-16:00,RS,1
E001,3,S2,08:00-16:00,SLS,1
E042,3,S2,08:00-16:00,SLS,1
E041,3,S3,16:00-24:00,BLO,1
E044,3,S3,16:00-24:00,BLO,1
E015,3,S3,16:00-24:00,DAS,1
E022,3,S3,16:00-24:00,DAS,1
E028,3,S3,16:00-24:00,DAS,1
E031,3,S3,16:00-24:00,DAS,1
E038,3,S3,16:00-24:00,DAS,1
MEDIUM_E050,3,S3,16:00-24:00,DAS,1
MEDIUM_E063,3,S3,16:00-24:00,DAS,1
MEDIUM_E069,3,S3,16:00-24:00,DAS,1
MEDIUM_E070,3,S3,16:00-24:00,DAS,1
E010,3,S3,16:00-24:00,DS,1
E013,3,S3,16:00-24:00,DS,1
E030,3,S3,16:00-24:00,FSTC,1
E048,3,S3,16:00-24:00,FSTC,1
E006,3,S3,16:00-24:00,RS,1
E012,3,S3,16:00-24:00,RS,1
E043,3,S3,16:00-24:00,SLS,1
MEDIUM_E065,3,S3,16:00-24:00,SLS,1
E014,4,S1,00:00-08:00,BLO,1
MEDIUM_E062,4,S1,00:00-08:00,BLO,1
E018,4,S1,00:00-08:00,DAS,1
E019,4,S1,00:00-08:00,DAS,1
E020,4,S1,00:00-08:00,DAS,1
E037,4,S1,00:00-08:00,DAS,1
MEDIUM_E068,4,S1,00:00-08:00,DAS,1
E027,4,S1,00:00-08:00,DS,1
E033,4,S1,00:00-08:00,FSTC,1
E035,4,S1,00:00-08:00,FSTC,1
E023,4,S1,00:00-08:00,RS,1
MEDIUM_E060,4,S1,00:00-08:00,RS,1
E017,4,S1,00:00-08:00,SLS,1
E025,4,S1,00:00-08:00,SLS,1
E008,4,S2,08:00-16:00,BLO,1
MEDIUM_E053,4,S2,08:00-16:00,BLO,1
MEDIUM_E056,4,S2,08:00-16:00,BLO,1
E003,4,S2,08:00-16:00,DAS,1
E004,4,S2,08:00-16:00,DAS,1
E007,4,S2,08:00-16:00,DAS,1
E009,4,S2,08:00-16:00,DAS,1
E011,4,S2,08:00-16:00,DAS,1
E036,4,S2,08:00-16:00,DAS,1
E040,4,S2,08:00-16:00,DAS,1
E045,4,S2,08:00-16:00,DAS,1
E046,4,S2,08:00-16:00,DAS,1
MEDIUM_E051,4,S2,08:00-16:00,DAS,1
MEDIUM_E052,4,S2,08:00-16:00,DAS,1
MEDIUM_E055,4,S2,08:00-16:00,DAS,1
MEDIUM_E057,4,S2,08:00-16:00,DAS,1
MEDIUM_E059,4,S2,08:00-16:00,DAS,1
E016,4,S2,08:00-16:00,DS,1
MEDIUM_E064,4,S2,08:00-16:00,DS,1
E034,4,S2,08:00-16:00,FSTC,1
E039,4,S2,08:00-16:00,FSTC,1
E024,4,S2,08:00-16:00,RS,1
E032,4,S2,08:00-16:00,RS,1
E042,4,S2,08:00-16:00,SLS,1
MEDIUM_E049,4,S2,08:00-16:00,SLS,1
E041,4,S3,16:00-24:00,BLO,1
E047,4,S3,16:00-24:00,BLO,1
E002,4,S3,16:00-24:00,DAS,1
E015,4,S3,16:00-24:00,DAS,1
E021,4,S3,16:00-24:00,DAS,1
E022,4,S3,16:00-24:00,DAS,1
E028,4,S3,16:00-24:00,DAS,1
E031,4,S3,16:00-24:00,DAS,1
E038,4,S3,16:00-24:00,DAS,1
MEDIUM_E050,4,S3,16:00-24:00,DAS,1
MEDIUM_E066,4,S3,16:00-24:00,DAS,1
MEDIUM_E067,4,S3,16:00-24:00,DAS,1
MEDIUM_E069,4,S3,16:00-24:00,DAS,1
MEDIUM_E070,4,S3,16:00-24:00,DAS,1
E013,4,S3,16:00-24:00,DS,1
MEDIUM_E061,4,S3,16:00-24:00,DS,1
E030,4,S3,16:00-24:00,FSTC,1
E048,4,S3,16:00-24:00,FSTC,1
E012,4,S3,16:00-24:00,RS,1
MEDIUM_E054,4,S3,16:00-24:00,RS,1
E043,4,S3,16:00-24:00,SLS,1
MEDIUM_E065,4,S3,16:00-24:00,SLS,1
E044,5,S1,00:00-08:00,BLO,1
MEDIUM_E062,5,S1,00:00-08:00,BLO,1
E014,5,S1,00:00-08:00,DAS,1
E019,5,S1,00:00-08:00,DAS,1
E026,5,S1,00:00-08:00,DAS,1
E029,5,S1,00:00-08:00,DAS,1
E037,5,S1,00:00-08:00,DAS,1
E027,5,S1,00:00-08:00,DS,1
MEDIUM_E058,5,S1,00:00-08:00,DS,1
E033,5,S1,00:00-08:00,FSTC,1
E035,5,S1,00:00-08:00,FSTC,1
E006,5,S1,00:00-08:00,RS,1
MEDIUM_E060,5,S1,00:00-08:00,RS,1
E017,5,S1,00:00-08:00,SLS,1
E025,5,S1,00:00-08:00,SLS,1
E005,5,S2,08:00-16:00,BLO,1
E008,5,S2,08:00-16:00,BLO,1
MEDIUM_E053,5,S2,08:00-16:00,BLO,1
E004,5,S2,08:00-16:00,DAS,1
E007,5,S2,08:00-16:00,DAS,1
E009,5,S2,08:00-16:00,DAS,1
E020,5,S2,08:00-16:00,DAS,1
E036,5,S2,08:00-16:00,DAS,1
E045,5,S2,08:00-16:00,DAS,1
E046,5,S2,08:00-16:00,DAS,1
MEDIUM_E051,5,S2,08:00-16:00,DAS,1
MEDIUM_E052,5,S2,08:00-16:00,DAS,1
MEDIUM_E055,5,S2,08:00-16:00,DAS,1
MEDIUM_E057,5,S2,08:00-16:00,DAS,1
MEDIUM_E059,5,S2,08:00-16:00,DAS,1
E016,5,S2,08:00-16:00,DS,1
MEDIUM_E064,5,S2,08:00-16:00,DS,1
E034,5,S2,08:00-16:00,FSTC,1
E039,5,S2,08:00-16:00,FSTC,1
E024,5,S2,08:00-16:00,RS,1
E032,5,S2,08:00-16:00,RS,1
E001,5,S2,08:00-16:00,SLS,1
MEDIUM_E049,5,S2,08:00-16:00,SLS,1
E041,5,S3,16:00-24:00,BLO,1
E047,5,S3,16:00-24:00,BLO,1
E002,5,S3,16:00-24:00,DAS,1
E015,5,S3,16:00-24:00,DAS,1
E018,5,S3,16:00-24:00,DAS,1
E021,5,S3,16:00-24:00,DAS,1
E022,5,S3,16:00-24:00,DAS,1
E028,5,S3,16:00-24:00,DAS,1
E031,5,S3,16:00-24:00,DAS,1
MEDIUM_E063,5,S3,16:00-24:00,DAS,1
MEDIUM_E066,5,S3,16:00-24:00,DAS,1
MEDIUM_E067,5,S3,16:00-24:00,DAS,1
MEDIUM_E068,5,S3,16:00-24:00,DAS,1
MEDIUM_E070,5,S3,16:00-24:00,DAS,1
E010,5,S3,16:00-24:00,DS,1
MEDIUM_E061,5,S3,16:00-24:00,DS,1
E030,5,S3,16:00-24:00,FSTC,1
E048,5,S3,16:00-24:00,FSTC,1
E023,5,S3,16:00-24:00,RS,1
MEDIUM_E054,5,S3,16:00-24:00,RS,1
E043,5,S3,16:00-24:00,SLS,1
MEDIUM_E065,5,S3,16:00-24:00,SLS,1
E044,6,S1,00:00-08:00,BLO,1
MEDIUM_E056,6,S1,00:00-08:00,BLO,1
E011,6,S1,00:00-08:00,DAS,1
E019,6,S1,00:00-08:00,DAS,1
E026,6,S1,00:00-08:00,DAS,1
E029,6,S1,00:00-08:00,DAS,1
E040,6,S1,00:00-08:00,DAS,1
E013,6,S1,00:00-08:00,DS,1
MEDIUM_E058,6,S1,00:00-08:00,DS,1
E035,6,S1,00:00-08:00,FSTC,1
E037,6,S1,00:00-08:00,FSTC,1
E012,6,S1,00:00-08:00,RS,1
MEDIUM_E060,6,S1,00:00-08:00,RS,1
E042,6,S1,00:00-08:00,SLS,1
E005,6,S2,08:00-16:00,BLO,1
E008,6,S2,08:00-16:00,BLO,1
E003,6,S2,08:00-16:00,DAS,1
E004,6,S2,08:00-16:00,DAS,1
E007,6,S2,08:00-16:00,DAS,1
E009,6,S2,08:00-16:00,DAS,1
E036,6,S2,08:00-16:00,DAS,1
E045,6,S2,08:00-16:00,DAS,1
E046,6,S2,08:00-16:00,DAS,1
MEDIUM_E051,6,S2,08:00-16:00,DAS,1
MEDIUM_E055,6,S2,08:00-16:00,DAS,1
MEDIUM_E057,6,S2,08:00-16:00,DAS,1
MEDIUM_E059,6,S2,08:00-16:00,DAS,1
E016,6,S2,08:00-16:00,DS,1
MEDIUM_E064,6,S2,08:00-16:00,DS,1
E034,6,S2,08:00-16:00,FSTC,1
E039,6,S2,08:00-16:00,FSTC,1
E006,6,S2,08:00-16:00,RS,1
E024,6,S2,08:00-16:00,RS,1
E001,6,S2,08:00-16:00,SLS,1
E025,6,S2,08:00-16:00,SLS,1
E047,6,S3,16:00-24:00,BLO,1
MEDIUM_E053,6,S3,16:00-24:00,BLO,1
E002,6,S3,16:00-24:00,DAS,1
E015,6,S3,16:00-24:00,DAS,1
E018,6,S3,16:00-24:00,DAS,1
E031,6,S3,16:00-24:00,DAS,1
E038,6,S3,16:00-24:00,DAS,1
MEDIUM_E050,6,S3,16:00-24:00,DAS,1
MEDIUM_E062,6,S3,16:00-24:00,DAS,1
MEDIUM_E063,6,S3,16:00-24:00,DAS,1
MEDIUM_E066,6,S3,16:00-24:00,DAS,1
MEDIUM_E067,6,S3,16:00-24:00,DAS,1
MEDIUM_E068,6,S3,16:00-24:00,DAS,1
MEDIUM_E069,6,S3,16:00-24:00,DAS,1
E010,6,S3,16:00-24:00,DS,1
MEDIUM_E061,6,S3,16:00-24:00,DS,1
E030,6,S3,16:00-24:00,FSTC,1
E033,6,S3,16:00-24:00,FSTC,1
E023,6,S3,16:00-24:00,RS,1
MEDIUM_E054,6,S3,16:00-24:00,RS,1
E017,6,S3,16:00-24:00,SLS,1
E043,6,S3,16:00-24:00,SLS,1
E014,7,S1,00:00-08:00,BLO,1
E044,7,S1,00:00-08:00,BLO,1
E020,7,S1,00:00-08:00,DAS,1
E029,7,S1,00:00-08:00,DAS,1
E040,7,S1,00:00-08:00,DAS,1
MEDIUM_E058,7,S1,00:00-08:00,DAS,1
E013,7,S1,00:00-08:00,DS,1
E027,7,S1,00:00-08:00,DS,1
E048,7,S1,00:00-08:00,FSTC,1
MEDIUM_E056,7,S1,00:00-08:00,FSTC,1
E012,7,S1,00:00-08:00,RS,1
E042,7,S1,00:00-08:00,SLS,1
MEDIUM_E065,7,S1,00:00-08:00,SLS,1
E005,7,S2,08:00-16:00,BLO,1
E008,7,S2,08:00-16:00,BLO,1
E003,7,S2,08:00-16:00,DAS,1
E004,7,S2,08:00-16:00,DAS,1
E009,7,S2,08:00-16:00,DAS,1
E011,7,S2,08:00-16:00,DAS,1
E019,7,S2,08:00-16:00,DAS,1
E036,7,S2,08:00-16:00,DAS,1
E045,7,S2,08:00-16:00,DAS,1
E046,7,S2,08:00-16:00,DAS,1
MEDIUM_E052,7,S2,08:00-16:00,DAS,1
E016,7,S2,08:00-16:00,DS,1
E034,7,S2,08:00-16:00,DS,1
E026,7,S2,08:00-16:00,FSTC,1
E039,7,S2,08:00-16:00,FSTC,1
E006,7,S2,08:00-16:00,RS,1
E032,7,S2,08:00-16:00,RS,1
E001,7,S2,08:00-16:00,SLS,1
E025,7,S2,08:00-16:00,SLS,1
E047,7,S3,16:00-24:00,BLO,1
E002,7,S3,16:00-24:00,DAS,1
E015,7,S3,16:00-24:00,DAS,1
E018,7,S3,16:00-24:00,DAS,1
E021,7,S3,16:00-24:00,DAS,1
E022,7,S3,16:00-24:00,DAS,1
E028,7,S3,16:00-24:00,DAS,1
E038,7,S3,16:00-24:00,DAS,1
MEDIUM_E050,7,S3,16:00-24:00,DAS,1
MEDIUM_E063,7,S3,16:00-24:00,DAS,1
MEDIUM_E069,7,S3,16:00-24:00,DAS,1
MEDIUM_E070,7,S3,16:00-24:00,DAS,1
E010,7,S3,16:00-24:00,DS,1
E041,7,S3,16:00-24:00,DS,1
E030,7,S3,16:00-24:00,FSTC,1
E035,7,S3,16:00-24:00,FSTC,1
E023,7,S3,16:00-24:00,RS,1
MEDIUM_E054,7,S3,16:00-24:00,RS,1
E017,7,S3,16:00-24:00,SLS,1
E043,7,S3,16:00-24:00,SLS,1
MEDIUM_E053,8,S1,00:00-08:00,BLO,1
MEDIUM_E056,8,S1,00:00-08:00,BLO,1
E020,8,S1,00:00-08:00,DAS,1
E031,8,S1,00:00-08:00,DAS,1
MEDIUM_E051,8,S1,00:00-08:00,DAS,1
MEDIUM_E057,8,S1,00:00-08:00,DAS,1
MEDIUM_E059,8,S1,00:00-08:00,DAS,1
E027,8,S1,00:00-08:00,DS,1
MEDIUM_E061,8,S1,00:00-08:00,DS,1
E037,8,S1,00:00-08:00,FSTC,1
MEDIUM_E066,8,S1,00:00-08:00,FSTC,1
E012,8,S1,00:00-08:00,RS,1
MEDIUM_E060,8,S1,00:00-08:00,RS,1
MEDIUM_E049,8,S1,00:00-08:00,SLS,1
MEDIUM_E065,8,S1,00:00-08:00,SLS,1
E005,8,S2,08:00-16:00,BLO,1
MEDIUM_E052,8,S2,08:00-16:00,BLO,1
MEDIUM_E062,8,S2,08:00-16:00,BLO,1
E003,8,S2,08:00-16:00,DAS,1
E004,8,S2,08:00-16:00,DAS,1
E007,8,S2,08:00-16:00,DAS,1
E011,8,S2,08:00-16:00,DAS,1
E014,8,S2,08:00-16:00,DAS,1
E019,8,S2,08:00-16:00,DAS,1
E029,8,S2,08:00-16:00,DAS,1
E040,8,S2,08:00-16:00,DAS,1
E045,8,S2,08:00-16:00,DAS,1
E046,8,S2,08:00-16:00,DAS,1
MEDIUM_E055,8,S2,08:00-16:00,DAS,1
MEDIUM_E064,8,S2,08:00-16:00,DS,1
E026,8,S2,08:00-16:00,FSTC,1
E034,8,S2,08:00-16:00,FSTC,1
E024,8,S2,08:00-16:00,RS,1
E032,8,S2,08:00-16:00,RS,1
E001,8,S2,08:00-16:00,SLS,1
E042,8,S2,08:00-16:00,SLS,1
E041,8,S3,16:00-24:00,BLO,1
E047,8,S3,16:00-24:00,BLO,1
E002,8,S3,16:00-24:00,DAS,1
E018,8,S3,16:00-24:00,DAS,1
E021,8,S3,16:00-24:00,DAS,1
E022,8,S3,16:00-24:00,DAS,1
E028,8,S3,16:00-24:00,DAS,1
E038,8,S3,16:00-24:00,DAS,1
MEDIUM_E050,8,S3,16:00-24:00,DAS,1
MEDIUM_E063,8,S3,16:00-24:00,DAS,1
MEDIUM_E067,8,S3,16:00-24:00,DAS,1
MEDIUM_E068,8,S3,16:00-24:00,DAS,1
MEDIUM_E069,8,S3,16:00-24:00,DAS,1
MEDIUM_E070,8,S3,16:00-24:00,DAS,1
E010,8,S3,16:00-24:00,DS,1
E013,8,S3,16:00-24:00,DS,1
E033,8,S3,16:00-24:00,FSTC,1
E048,8,S3,16:00-24:00,FSTC,1
E006,8,S3,16:00-24:00,RS,1
E023,8,S3,16:00-24:00,RS,1
E017,8,S3,16:00-24:00,SLS,1
E025,8,S3,16:00-24:00,SLS,1
E044,9,S1,00:00-08:00,BLO,1
E031,9,S1,00:00-08:00,DAS,1
E036,9,S1,00:00-08:00,DAS,1
MEDIUM_E057,9,S1,00:00-08:00,DAS,1
MEDIUM_E059,9,S1,00:00-08:00,DAS,1
MEDIUM_E058,9,S1,00:00-08:00,DS,1
MEDIUM_E061,9,S1,00:00-08:00,DS,1
E030,9,S1,00:00-08:00,FSTC,1
E037,9,S1,00:00-08:00,FSTC,1
MEDIUM_E054,9,S1,00:00-08:00,RS,1
MEDIUM_E060,9,S1,00:00-08:00,RS,1
MEDIUM_E049,9,S1,00:00-08:00,SLS,1
MEDIUM_E065,9,S1,00:00-08:00,SLS,1
E005,9,S2,08:00-16:00,BLO,1
E008,9,S2,08:00-16:00,BLO,1
E003,9,S2,08:00-16:00,DAS,1
E007,9,S2,08:00-16:00,DAS,1
E009,9,S2,08:00-16:00,DAS,1
E011,9,S2,08:00-16:00,DAS,1
E014,9,S2,08:00-16:00,DAS,1
E020,9,S2,08:00-16:00,DAS,1
E040,9,S2,08:00-16:00,DAS,1
E046,9,S2,08:00-16:00,DAS,1
MEDIUM_E052,9,S2,08:00-16:00,DAS,1
MEDIUM_E055,9,S2,08:00-16:00,DAS,1
MEDIUM_E062,9,S2,08:00-16:00,DAS,1
MEDIUM_E066,9,S2,08:00-16:00,DAS,1
E016,9,S2,08:00-16:00,DS,1
MEDIUM_E064,9,S2,08:00-16:00,DS,1
E026,9,S2,08:00-16:00,FSTC,1
E039,9,S2,08:00-16:00,FSTC,1
E024,9,S2,08:00-16:00,RS,1
E032,9,S2,08:00-16:00,RS,1
E001,9,S2,08:00-16:00,SLS,1
E042,9,S2,08:00-16:00,SLS,1
E041,9,S3,16:00-24:00,BLO,1
MEDIUM_E053,9,S3,16:00-24:00,BLO,1
E015,9,S3,16:00-24:00,DAS,1
E019,9,S3,16:00-24:00,DAS,1
E021,9,S3,16:00-24:00,DAS,1
E022,9,S3,16:00-24:00,DAS,1
E028,9,S3,16:00-24:00,DAS,1
E038,9,S3,16:00-24:00,DAS,1
MEDIUM_E050,9,S3,16:00-24:00,DAS,1
MEDIUM_E063,9,S3,16:00-24:00,DAS,1
MEDIUM_E067,9,S3,16:00-24:00,DAS,1
MEDIUM_E068,9,S3,16:00-24:00,DAS,1
MEDIUM_E069,9,S3,16:00-24:00,DAS,1
MEDIUM_E070,9,S3,16:00-24:00,DAS,1
E010,9,S3,16:00-24:00,DS,1
E013,9,S3,16:00-24:00,DS,1
E035,9,S3,16:00-24:00,FSTC,1
E048,9,S3,16:00-24:00,FSTC,1
E006,9,S3,16:00-24:00,RS,1
E012,9,S3,16:00-24:00,RS,1
E025,9,S3,16:00-24:00,SLS,1
E043,9,S3,16:00-24:00,SLS,1
E044,10,S1,00:00-08:00,BLO,1
MEDIUM_E056,10,S1,00:00-08:00,BLO,1
E027,10,S1,00:00-08:00,DAS,1
E031,10,S1,00:00-08:00,DAS,1
E047,10,S1,00:00-08:00,DAS,1
MEDIUM_E051,10,S1,00:00-08:00,DAS,1
MEDIUM_E057,10,S1,00:00-08:00,DAS,1
MEDIUM_E058,10,S1,00:00-08:00,DS,1
MEDIUM_E061,10,S1,00:00-08:00,DS,1
E018,10,S1,00:00-08:00,FSTC,1
E030,10,S1,00:00-08:00,FSTC,1
E023,10,S1,00:00-08:00,RS,1
MEDIUM_E054,10,S1,00:00-08:00,RS,1
E017,10,S1,00:00-08:00,SLS,1
MEDIUM_E049,10,S1,00:00-08:00,SLS,1
E005,10,S2,08:00-16:00,BLO,1
E008,10,S2,08:00-16:00,BLO,1
E003,10,S2,08:00-16:00,DAS,1
E004,10,S2,08:00-16:00,DAS,1
E007,10,S2,08:00-16:00,DAS,1
E009,10,S2,08:00-16:00,DAS,1
E011,10,S2,08:00-16:00,DAS,1
E014,10,S2,08:00-16:00,DAS,1
E020,10,S2,08:00-16:00,DAS,1
E029,10,S2,08:00-16:00,DAS,1
E036,10,S2,08:00-16:00,DAS,1
E040,10,S2,08:00-16:00,DAS,1
E045,10,S2,08:00-16:00,DAS,1
MEDIUM_E052,10,S2,08:00-16:00,DAS,1
MEDIUM_E055,10,S2,08:00-16:00,DAS,1
MEDIUM_E062,10,S2,08:00-16:00,DAS,1
E016,10,S2,08:00-16:00,DS,1
MEDIUM_E064,10,S2,08:00-16:00,DS,1
E034,10,S2,08:00-16:00,FSTC,1
E039,10,S2,08:00-16:00,FSTC,1
E024,10,S2,08:00-16:00,RS,1
E032,10,S2,08:00-16:00,RS,1
E001,10,S2,08:00-16:00,SLS,1
E042,10,S2,08:00-16:00,SLS,1
E041,10,S3,16:00-24:00,BLO,1
E002,10,S3,16:00-24:00,DAS,1
E015,10,S3,16:00-24:00,DAS,1
E021,10,S3,16:00-24:00,DAS,1
E022,10,S3,16:00-24:00,DAS,1
E028,10,S3,16:00-24:00,DAS,1
E038,10,S3,16:00-24:00,DAS,1
MEDIUM_E050,10,S3,16:00-24:00,DAS,1
MEDIUM_E063,10,S3,16:00-24:00,DAS,1
MEDIUM_E066,10,S3,16:00-24:00,DAS,1
MEDIUM_E067,10,S3,16:00-24:00,DAS,1
MEDIUM_E069,10,S3,16:00-24:00,DAS,1
MEDIUM_E070,10,S3,16:00-24:00,DAS,1
E010,10,S3,16:00-24:00,DS,1
E013,10,S3,16:00-24:00,DS,1
E033,10,S3,16:00-24:00,FSTC,1
E048,10,S3,16:00-24:00,FSTC,1
E006,10,S3,16:00-24:00,RS,1
E012,10,S3,16:00-24:00,RS,1
E043,10,S3,16:00-24:00,SLS,1
MEDIUM_E065,10,S3,16:00-24:00,SLS,1
MEDIUM_E053,11,S1,00:00-08:00,BLO,1
MEDIUM_E056,11,S1,00:00-08:00,BLO,1
E046,11,S1,00:00-08:00,DAS,1
MEDIUM_E051,11,S1,00:00-08:00,DAS,1
MEDIUM_E059,11,S1,00:00-08:00,DAS,1
E027,11,S1,00:00-08:00,DS,1
MEDIUM_E058,11,S1,00:00-08:00,DS,1
E018,11,S1,00:00-08:00,FSTC,1
E037,11,S1,00:00-08:00,FSTC,1
E023,11,S1,00:00-08:00,RS,1
MEDIUM_E060,11,S1,00:00-08:00,RS,1
E017,11,S1,00:00-08:00,SLS,1
E025,11,S1,00:00-08:00,SLS,1
E008,11,S2,08:00-16:00,BLO,1
MEDIUM_E062,11,S2,08:00-16:00,BLO,1
E007,11,S2,08:00-16:00,DAS,1
E009,11,S2,08:00-16:00,DAS,1
E011,11,S2,08:00-16:00,DAS,1
E014,11,S2,08:00-16:00,DAS,1
E026,11,S2,08:00-16:00,DAS,1
E029,11,S2,08:00-16:00,DAS,1
E036,11,S2,08:00-16:00,DAS,1
E040,11,S2,08:00-16:00,DAS,1
E045,11,S2,08:00-16:00,DAS,1
MEDIUM_E052,11,S2,08:00-16:00,DAS,1
MEDIUM_E055,11,S2,08:00-16:00,DAS,1
E016,11,S2,08:00-16:00,DS,1
E034,11,S2,08:00-16:00,DS,1
E035,11,S2,08:00-16:00,FSTC,1
E039,11,S2,08:00-16:00,FSTC,1
E024,11,S2,08:00-16:00,RS,1
E032,11,S2,08:00-16:00,RS,1
E042,11,S2,08:00-16:00,SLS,1
MEDIUM_E049,11,S2,08:00-16:00,SLS,1
E041,11,S3,16:00-24:00,BLO,1
E047,11,S3,16:00-24:00,BLO,1
E002,11,S3,16:00-24:00,DAS,1
E015,11,S3,16:00-24:00,DAS,1
E019,11,S3,16:00-24:00,DAS,1
E022,11,S3,16:00-24:00,DAS,1
E028,11,S3,16:00-24:00,DAS,1
E031,11,S3,16:00-24:00,DAS,1
E038,11,S3,16:00-24:00,DAS,1
MEDIUM_E050,11,S3,16:00-24:00,DAS,1
MEDIUM_E066,11,S3,16:00-24:00,DAS,1
MEDIUM_E067,11,S3,16:00-24:00,DAS,1
MEDIUM_E068,11,S3,16:00-24:00,DAS,1
MEDIUM_E069,11,S3,16:00-24:00,DAS,1
MEDIUM_E070,11,S3,16:00-24:00,DAS,1
E013,11,S3,16:00-24:00,DS,1
MEDIUM_E061,11,S3,16:00-24:00,DS,1
E033,11,S3,16:00-24:00,FSTC,1
E048,11,S3,16:00-24:00,FSTC,1
E012,11,S3,16:00-24:00,RS,1
MEDIUM_E054,11,S3,16:00-24:00,RS,1
E043,11,S3,16:00-24:00,SLS,1
MEDIUM_E065,11,S3,16:00-24:00,SLS,1
MEDIUM_E053,12,S1,00:00-08:00,BLO,1
MEDIUM_E056,12,S1,00:00-08:00,BLO,1
E004,12,S1,00:00-08:00,DAS,1
E020,12,S1,00:00-08:00,DAS,1
E046,12,S1,00:00-08:00,DAS,1
MEDIUM_E051,12,S1,00:00-08:00,DAS,1
MEDIUM_E057,12,S1,00:00-08:00,DAS,1
MEDIUM_E059,12,S1,00:00-08:00,DAS,1
E010,12,S1,00:00-08:00,DS,1
MEDIUM_E064,12,S1,00:00-08:00,DS,1
E030,12,S1,00:00-08:00,FSTC,1
E037,12,S1,00:00-08:00,FSTC,1
E006,12,S1,00:00-08:00,RS,1
MEDIUM_E060,12,S1,00:00-08:00,RS,1
E017,12,S1,00:00-08:00,SLS,1
E025,12,S1,00:00-08:00,SLS,1
E005,12,S2,08:00-16:00,BLO,1
E008,12,S2,08:00-16:00,BLO,1
E003,12,S2,08:00-16:00,DAS,1
E007,12,S2,08:00-16:00,DAS,1
E009,12,S2,08:00-16:00,DAS,1
E014,12,S2,08:00-16:00,DAS,1
E029,12,S2,08:00-16:00,DAS,1
E034,12,S2,08:00-16:00,DAS,1
E036,12,S2,08:00-16:00,DAS,1
E045,12,S2,08:00-16:00,DAS,1
MEDIUM_E052,12,S2,08:00-16:00,DAS,1
MEDIUM_E055,12,S2,08:00-16:00,DAS,1
MEDIUM_E062,12,S2,08:00-16:00,DAS,1
E016,12,S2,08:00-16:00,DS,1
E027,12,S2,08:00-16:00,DS,1
E026,12,S2,08:00-16:00,FSTC,1
E039,12,S2,08:00-16:00,FSTC,1
E024,12,S2,08:00-16:00,RS,1
E032,12,S2,08:00-16:00,RS,1
E001,12,S2,08:00-16:00,SLS,1
MEDIUM_E049,12,S2,08:00-16:00,SLS,1
E041,12,S3,16:00-24:00,BLO,1
E044,12,S3,16:00-24:00,BLO,1
E002,12,S3,16:00-24:00,DAS,1
E015,12,S3,16:00-24:00,DAS,1
E019,12,S3,16:00-24:00,DAS,1
E021,12,S3,16:00-24:00,DAS,1
E022,12,S3,16:00-24:00,DAS,1
E028,12,S3,16:00-24:00,DAS,1
E031,12,S3,16:00-24:00,DAS,1
MEDIUM_E063,12,S3,16:00-24:00,DAS,1
MEDIUM_E066,12,S3,16:00-24:00,DAS,1
MEDIUM_E067,12,S3,16:00-24:00,DAS,1
MEDIUM_E068,12,S3,16:00-24:00,DAS,1
MEDIUM_E070,12,S3,16:00-24:00,DAS,1
MEDIUM_E058,12,S3,16:00-24:00,DS,1
MEDIUM_E061,12,S3,16:00-24:00,DS,1
E035,12,S3,16:00-24:00,FSTC,1
E048,12,S3,16:00-24:00,FSTC,1
E023,12,S3,16:00-24:00,RS,1
E043,12,S3,16:00-24:00,SLS,1
MEDIUM_E065,12,S3,16:00-24:00,SLS,1
E047,13,S1,00:00-08:00,BLO,1
E004,13,S1,00:00-08:00,DAS,1
E011,13,S1,00:00-08:00,DAS,1
E020,13,S1,00:00-08:00,DAS,1
E046,13,S1,00:00-08:00,DAS,1
MEDIUM_E057,13,S1,00:00-08:00,DAS,1
E013,13,S1,00:00-08:00,DS,1
MEDIUM_E064,13,S1,00:00-08:00,DS,1
E018,13,S1,00:00-08:00,FSTC,1
E030,13,S1,00:00-08:00,FSTC,1
E006,13,S1,00:00-08:00,RS,1
E012,13,S1,00:00-08:00,RS,1
E042,13,S1,00:00-08:00,SLS,1
E005,13,S2,08:00-16:00,BLO,1
MEDIUM_E053,13,S2,08:00-16:00,BLO,1
E003,13,S2,08:00-16:00,DAS,1
E009,13,S2,08:00-16:00,DAS,1
E026,13,S2,08:00-16:00,DAS,1
E029,13,S2,08:00-16:00,DAS,1
E036,13,S2,08:00-16:00,DAS,1
E040,13,S2,08:00-16:00,DAS,1
E045,13,S2,08:00-16:00,DAS,1
MEDIUM_E055,13,S2,08:00-16:00,DAS,1
MEDIUM_E062,13,S2,08:00-16:00,DAS,1
E016,13,S2,08:00-16:00,DS,1
E034,13,S2,08:00-16:00,DS,1
E037,13,S2,08:00-16:00,FSTC,1
E039,13,S2,08:00-16:00,FSTC,1
E024,13,S2,08:00-16:00,RS,1
MEDIUM_E054,13,S2,08:00-16:00,RS,1
E001,13,S2,08:00-16:00,SLS,1
E025,13,S2,08:00-16:00,SLS,1
E008,13,S3,16:00-24:00,BLO,1
E044,13,S3,16:00-24:00,BLO,1
E002,13,S3,16:00-24:00,DAS,1
E015,13,S3,16:00-24:00,DAS,1
E019,13,S3,16:00-24:00,DAS,1
E021,13,S3,16:00-24:00,DAS,1
E038,13,S3,16:00-24:00,DAS,1
MEDIUM_E050,13,S3,16:00-24:00,DAS,1
MEDIUM_E051,13,S3,16:00-24:00,DAS,1
MEDIUM_E063,13,S3,16:00-24:00,DAS,1
MEDIUM_E066,13,S3,16:00-24:00,DAS,1
MEDIUM_E067,13,S3,16:00-24:00,DAS,1
MEDIUM_E068,13,S3,16:00-24:00,DAS,1
MEDIUM_E069,13,S3,16:00-24:00,DAS,1
E010,13,S3,16:00-24:00,DS,1
MEDIUM_E058,13,S3,16:00-24:00,DS,1
E033,13,S3,16:00-24:00,FSTC,1
E035,13,S3,16:00-24:00,FSTC,1
E023,13,S3,16:00-24:00,RS,1
MEDIUM_E060,13,S3,16:00-24:00,RS,1
E017,13,S3,16:00-24:00,SLS,1
E043,13,S3,16:00-24:00,SLS,1
E014,14,S1,00:00-08:00,BLO,1
MEDIUM_E052,14,S1,00:00-08:00,BLO,1
E004,14,S1,00:00-08:00,DAS,1
E011,14,S1,00:00-08:00,DAS,1
E031,14,S1,00:00-08:00,DAS,1
E042,14,S1,00:00-08:00,DAS,1
E047,14,S1,00:00-08:00,DAS,1
E013,14,S1,00:00-08:00,DS,1
E041,14,S1,00:00-08:00,DS,1
E030,14,S1,00:00-08:00,FSTC,1
E048,14,S1,00:00-08:00,FSTC,1
E006,14,S1,00:00-08:00,RS,1
E032,14,S1,00:00-08:00,RS,1
MEDIUM_E049,14,S1,00:00-08:00,SLS,1
MEDIUM_E065,14,S1,00:00-08:00,SLS,1
E005,14,S2,08:00-16:00,BLO,1
MEDIUM_E056,14,S2,08:00-16:00,BLO,1
E003,14,S2,08:00-16:00,DAS,1
E007,14,S2,08:00-16:00,DAS,1
E009,14,S2,08:00-16:00,DAS,1
E020,14,S2,08:00-16:00,DAS,1
E027,14,S2,08:00-16:00,DAS,1
E029,14,S2,08:00-16:00,DAS,1
E036,14,S2,08:00-16:00,DAS,1
E037,14,S2,08:00-16:00,DAS,1
E040,14,S2,08:00-16:00,DAS,1
E045,14,S2,08:00-16:00,DAS,1
E046,14,S2,08:00-16:00,DAS,1
MEDIUM_E059,14,S2,08:00-16:00,DAS,1
E016,14,S2,08:00-16:00,DS,1
E034,14,S2,08:00-16:00,DS,1
E026,14,S2,08:00-16:00,FSTC,1
E039,14,S2,08:00-16:00,FSTC,1
E012,14,S2,08:00-16:00,RS,1
MEDIUM_E054,14,S2,08:00-16:00,RS,1
E001,14,S2,08:00-16:00,SLS,1
E025,14,S2,08:00-16:00,SLS,1
E008,14,S3,16:00-24:00,BLO,1
E044,14,S3,16:00-24:00,BLO,1
E002,14,S3,16:00-24:00,DAS,1
E015,14,S3,16:00-24:00,DAS,1
E019,14,S3,16:00-24:00,DAS,1
E021,14,S3,16:00-24:00,DAS,1
E022,14,S3,16:00-24:00,DAS,1
E028,14,S3,16:00-24:00,DAS,1
E038,14,S3,16:00-24:00,DAS,1
MEDIUM_E050,14,S3,16:00-24:00,DAS,1
MEDIUM_E051,14,S3,16:00-24:00,DAS,1
MEDIUM_E063,14,S3,16:00-24:00,DAS,1
MEDIUM_E069,14,S3,16:00-24:00,DAS,1
MEDIUM_E070,14,S3,16:00-24:00,DAS,1
E010,14,S3,16:00-24:00,DS,1
MEDIUM_E061,14,S3,16:00-24:00,DS,1
E033,14,S3,16:00-24:00,FSTC,1
E035,14,S3,16:00-24:00,FSTC,1
E023,14,S3,16:00-24:00,RS,1
E017,14,S3,16:00-24:00,SLS,1
E043,14,S3,16:00-24:00,SLS,1
E047,15,S1,00:00-08:00,BLO,1
MEDIUM_E053,15,S1,00:00-08:00,BLO,1
E018,15,S1,00:00-08:00,DAS,1
E031,15,S1,00:00-08:00,DAS,1
MEDIUM_E055,15,S1,00:00-08:00,DAS,1
MEDIUM_E067,15,S1,00:00-08:00,DAS,1
MEDIUM_E068,15,S1,00:00-08:00,DAS,1
E013,15,S1,00:00-08:00,DS,1
E041,15,S1,00:00-08:00,DS,1
E048,15,S1,00:00-08:00,FSTC,1
MEDIUM_E066,15,S1,00:00-08:00,FSTC,1
E024,15,S1,00:00-08:00,RS,1
E032,15,S1,00:00-08:00,RS,1
E042,15,S1,00:00-08:00,SLS,1
MEDIUM_E049,15,S1,00:00-08:00,SLS,1
MEDIUM_E052,15,S2,08:00-16:00,BLO,1
MEDIUM_E056,15,S2,08:00-16:00,BLO,1
E003,15,S2,08:00-16:00,DAS,1
E004,15,S2,08:00-16:00,DAS,1
E007,15,S2,08:00-16:00,DAS,1
E011,15,S2,08:00-16:00,DAS,1
E014,15,S2,08:00-16:00,DAS,1
E020,15,S2,08:00-16:00,DAS,1
E040,15,S2,08:00-16:00,DAS,1
E045,15,S2,08:00-16:00,DAS,1
E046,15,S2,08:00-16:00,DAS,1
MEDIUM_E057,15,S2,08:00-16:00,DAS,1
MEDIUM_E059,15,S2,08:00-16:00,DAS,1
MEDIUM_E062,15,S2,08:00-16:00,DAS,1
MEDIUM_E058,15,S2,08:00-16:00,DS,1
MEDIUM_E064,15,S2,08:00-16:00,DS,1
E026,15,S2,08:00-16:00,FSTC,1
E034,15,S2,08:00-16:00,FSTC,1
E006,15,S2,08:00-16:00,RS,1
MEDIUM_E060,15,S2,08:00-16:00,RS,1
E001,15,S2,08:00-16:00,SLS,1
E025,15,S2,08:00-16:00,SLS,1
E005,15,S3,16:00-24:00,BLO,1
E044,15,S3,16:00-24:00,BLO,1
E019,15,S3,16:00-24:00,DAS,1
E021,15,S3,16:00-24:00,DAS,1
E022,15,S3,16:00-24:00,DAS,1
E028,15,S3,16:00-24:00,DAS,1
E038,15,S3,16:00-24:00,DAS,1
MEDIUM_E050,15,S3,16:00-24:00,DAS,1
MEDIUM_E063,15,S3,16:00-24:00,DAS,1
MEDIUM_E069,15,S3,16:00-24:00,DAS,1
MEDIUM_E070,15,S3,16:00-24:00,DAS,1
E010,15,S3,16:00-24:00,DS,1
MEDIUM_E061,15,S3,16:00-24:00,DS,1
E033,15,S3,16:00-24:00,FSTC,1
E035,15,S3,16:00-24:00,FSTC,1
E012,15,S3,16:00-24:00,RS,1
E023,15,S3,16:00-24:00,RS,1
E017,15,S3,16:00-24:00,SLS,1
MEDIUM_E065,15,S3,16:00-24:00,SLS,1
E008,16,S1,00:00-08:00,BLO,1
E036,16,S1,00:00-08:00,BLO,1
E029,16,S1,00:00-08:00,DAS,1
MEDIUM_E051,16,S1,00:00-08:00,DAS,1
MEDIUM_E055,16,S1,00:00-08:00,DAS,1
MEDIUM_E067,16,S1,00:00-08:00,DAS,1
E016,16,S1,00:00-08:00,DS,1
E041,16,S1,00:00-08:00,DS,1
E018,16,S1,00:00-08:00,FSTC,1
E030,16,S1,00:00-08:00,FSTC,1
E024,16,S1,00:00-08:00,RS,1
E032,16,S1,00:00-08:00,RS,1
MEDIUM_E049,16,S1,00:00-08:00,SLS,1
MEDIUM_E053,16,S1,00:00-08:00,SLS,1
MEDIUM_E056,16,S2,08:00-16:00,BLO,1
MEDIUM_E062,16,S2,08:00-16:00,BLO,1
E003,16,S2,08:00-16:00,DAS,1
E007,16,S2,08:00-16:00,DAS,1
E009,16,S2,08:00-16:00,DAS,1
E011,16,S2,08:00-16:00,DAS,1
E026,16,S2,08:00-16:00,DAS,1
E040,16,S2,08:00-16:00,DAS,1
MEDIUM_E057,16,S2,08:00-16:00,DAS,1
MEDIUM_E058,16,S2,08:00-16:00,DAS,1
MEDIUM_E059,16,S2,08:00-16:00,DAS,1
E027,16,S2,08:00-16:00,DS,1
MEDIUM_E064,16,S2,08:00-16:00,DS,1
E037,16,S2,08:00-16:00,FSTC,1
E039,16,S2,08:00-16:00,FSTC,1
E006,16,S2,08:00-16:00,RS,1
MEDIUM_E054,16,S2,08:00-16:00,RS,1
E025,16,S2,08:00-16:00,SLS,1
E042,16,S2,08:00-16:00,SLS,1
E014,16,S3,16:00-24:00,BLO,1
MEDIUM_E052,16,S3,16:00-24:00,BLO,1
E002,16,S3,16:00-24:00,DAS,1
E015,16,S3,16:00-24:00,DAS,1
E019,16,S3,16:00-24:00,DAS,1
E021,16,S3,16:00-24:00,DAS,1
E022,16,S3,16:00-24:00,DAS,1
E028,16,S3,16:00-24:00,DAS,1
E031,16,S3,16:00-24:00,DAS,1
E038,16,S3,16:00-24:00,DAS,1
MEDIUM_E050,16,S3,16:00-24:00,DAS,1
MEDIUM_E068,16,S3,16:00-24:00,DAS,1
MEDIUM_E069,16,S3,16:00-24:00,DAS,1
MEDIUM_E070,16,S3,16:00-24:00,DAS,1
E010,16,S3,16:00-24:00,DS,1
MEDIUM_E061,16,S3,16:00-24:00,DS,1
E033,16,S3,16:00-24:00,FSTC,1
MEDIUM_E066,16,S3,16:00-24:00,FSTC,1
E012,16,S3,16:00-24:00,RS,1
MEDIUM_E060,16,S3,16:00-24:00,RS,1
E043,16,S3,16:00-24:00,SLS,1
MEDIUM_E065,16,S3,16:00-24:00,SLS,1
E005,17,S1,00:00-08:00,BLO,1
E008,17,S1,00:00-08:00,BLO,1
E029,17,S1,00:00-08:00,DAS,1
E036,17,S1,00:00-08:00,DAS,1
MEDIUM_E055,17,S1,00:00-08:00,DAS,1
MEDIUM_E067,17,S1,00:00-08:00,DAS,1
E013,17,S1,00:00-08:00,DS,1
E035,17,S1,00:00-08:00,FSTC,1
E048,17,S1,00:00-08:00,FSTC,1
E023,17,S1,00:00-08:00,RS,1
E001,17,S1,00:00-08:00,SLS,1
E017,17,S1,00:00-08:00,SLS,1
MEDIUM_E053,17,S2,08:00-16:00,BLO,1
MEDIUM_E056,17,S2,08:00-16:00,BLO,1
E003,17,S2,08:00-16:00,DAS,1
E004,17,S2,08:00-16:00,DAS,1
E007,17,S2,08:00-16:00,DAS,1
E009,17,S2,08:00-16:00,DAS,1
E011,17,S2,08:00-16:00,DAS,1
E027,17,S2,08:00-16:00,DAS,1
E034,17,S2,08:00-16:00,DAS,1
E040,17,S2,08:00-16:00,DAS,1
E046,17,S2,08:00-16:00,DAS,1
MEDIUM_E057,17,S2,08:00-16:00,DAS,1
MEDIUM_E059,17,S2,08:00-16:00,DAS,1
MEDIUM_E062,17,S2,08:00-16:00,DAS,1
E016,17,S2,08:00-16:00,DS,1
MEDIUM_E064,17,S2,08:00-16:00,DS,1
E018,17,S2,08:00-16:00,FSTC,1
E039,17,S2,08:00-16:00,FSTC,1
E032,17,S2,08:00-16:00,RS,1
MEDIUM_E054,17,S2,08:00-16:00,RS,1
E042,17,S2,08:00-16:00,SLS,1
MEDIUM_E049,17,S2,08:00-16:00,SLS,1
E044,17,S3,16:00-24:00,BLO,1
E047,17,S3,16:00-24:00,BLO,1
E002,17,S3,16:00-24:00,DAS,1
E015,17,S3,16:00-24:00,DAS,1
E020,17,S3,16:00-24:00,DAS,1
E021,17,S3,16:00-24:00,DAS,1
E022,17,S3,16:00-24:00,DAS,1
E038,17,S3,16:00-24:00,DAS,1
MEDIUM_E050,17,S3,16:00-24:00,DAS,1
MEDIUM_E063,17,S3,16:00-24:00,DAS,1
MEDIUM_E066,17,S3,16:00-24:00,DAS,1
MEDIUM_E068,17,S3,16:00-24:00,DAS,1
MEDIUM_E069,17,S3,16:00-24:00,DAS,1
MEDIUM_E070,17,S3,16:00-24:00,DAS,1
E010,17,S3,16:00-24:00,DS,1
MEDIUM_E058,17,S3,16:00-24:00,DS,1
E030,17,S3,16:00-24:00,FSTC,1
E033,17,S3,16:00-24:00,FSTC,1
E006,17,S3,16:00-24:00,RS,1
E012,17,S3,16:00-24:00,RS,1
E043,17,S3,16:00-24:00,SLS,1
MEDIUM_E065,17,S3,16:00-24:00,SLS,1
E005,18,S1,00:00-08:00,BLO,1
E014,18,S1,00:00-08:00,DAS,1
E019,18,S1,00:00-08:00,DAS,1
E026,18,S1,00:00-08:00,DAS,1
E037,18,S1,00:00-08:00,DAS,1
MEDIUM_E051,18,S1,00:00-08:00,DAS,1
E041,18,S1,00:00-08:00,DS,1
MEDIUM_E061,18,S1,00:00-08:00,DS,1
E035,18,S1,00:00-08:00,FSTC,1
E048,18,S1,00:00-08:00,FSTC,1
E023,18,S1,00:00-08:00,RS,1
E024,18,S1,00:00-08:00,RS,1
E017,18,S1,00:00-08:00,SLS,1
E025,18,S1,00:00-08:00,SLS,1
MEDIUM_E053,18,S2,08:00-16:00,BLO,1
MEDIUM_E056,18,S2,08:00-16:00,BLO,1
E004,18,S2,08:00-16:00,DAS,1
E007,18,S2,08:00-16:00,DAS,1
E009,18,S2,08:00-16:00,DAS,1
E029,18,S2,08:00-16:00,DAS,1
E040,18,S2,08:00-16:00,DAS,1
E045,18,S2,08:00-16:00,DAS,1
E046,18,S2,08:00-16:00,DAS,1
MEDIUM_E052,18,S2,08:00-16:00,DAS,1
MEDIUM_E055,18,S2,08:00-16:00,DAS,1
MEDIUM_E057,18,S2,08:00-16:00,DAS,1
MEDIUM_E059,18,S2,08:00-16:00,DAS,1
MEDIUM_E062,18,S2,08:00-16:00,DAS,1
E016,18,S2,08:00-16:00,DS,1
MEDIUM_E064,18,S2,08:00-16:00,DS,1
E034,18,S2,08:00-16:00,FSTC,1
E039,18,S2,08:00-16:00,FSTC,1
E032,18,S2,08:00-16:00,RS,1
MEDIUM_E054,18,S2,08:00-16:00,RS,1
E042,18,S2,08:00-16:00,SLS,1
MEDIUM_E049,18,S2,08:00-16:00,SLS,1
E044,18,S3,16:00-24:00,BLO,1
E047,18,S3,16:00-24:00,BLO,1
E002,18,S3,16:00-24:00,DAS,1
E015,18,S3,16:00-24:00,DAS,1
E020,18,S3,16:00-24:00,DAS,1
E022,18,S3,16:00-24:00,DAS,1
E028,18,S3,16:00-24:00,DAS,1
E031,18,S3,16:00-24:00,DAS,1
E038,18,S3,16:00-24:00,DAS,1
MEDIUM_E050,18,S3,16:00-24:00,DAS,1
MEDIUM_E063,18,S3,16:00-24:00,DAS,1
MEDIUM_E066,18,S3,16:00-24:00,DAS,1
MEDIUM_E067,18,S3,16:00-24:00,DAS,1
MEDIUM_E068,18,S3,16:00-24:00,DAS,1
MEDIUM_E069,18,S3,16:00-24:00,DAS,1
MEDIUM_E070,18,S3,16:00-24:00,DAS,1
E013,18,S3,16:00-24:00,DS,1
MEDIUM_E058,18,S3,16:00-24:00,DS,1
E030,18,S3,16:00-24:00,FSTC,1
E033,18,S3,16:00-24:00,FSTC,1
E012,18,S3,16:00-24:00,RS,1
MEDIUM_E060,18,S3,16:00-24:00,RS,1
E043,18,S3,16:00-24:00,SLS,1
MEDIUM_E065,18,S3,16:00-24:00,SLS,1
E008,19,S1,00:00-08:00,BLO,1
E036,19,S1,00:00-08:00,BLO,1
E003,19,S1,00:00-08:00,DAS,1
E014,19,S1,00:00-08:00,DAS,1
E019,19,S1,00:00-08:00,DAS,1
E026,19,S1,00:00-08:00,DAS,1
MEDIUM_E051,19,S1,00:00-08:00,DAS,1
E041,19,S1,00:00-08:00,DS,1
MEDIUM_E061,19,S1,00:00-08:00,DS,1
E018,19,S1,00:00-08:00,FSTC,1
E048,19,S1,00:00-08:00,FSTC,1
E006,19,S1,00:00-08:00,RS,1
E024,19,S1,00:00-08:00,RS,1
E025,19,S1,00:00-08:00,SLS,1
E005,19,S2,08:00-16:00,BLO,1
MEDIUM_E056,19,S2,08:00-16:00,BLO,1
E004,19,S2,08:00-16:00,DAS,1
E009,19,S2,08:00-16:00,DAS,1
E011,19,S2,08:00-16:00,DAS,1
E027,19,S2,08:00-16:00,DAS,1
E029,19,S2,08:00-16:00,DAS,1
E045,19,S2,08:00-16:00,DAS,1
E046,19,S2,08:00-16:00,DAS,1
MEDIUM_E052,19,S2,08:00-16:00,DAS,1
MEDIUM_E055,19,S2,08:00-16:00,DAS,1
MEDIUM_E057,19,S2,08:00-16:00,DAS,1
MEDIUM_E059,19,S2,08:00-16:00,DAS,1
MEDIUM_E062,19,S2,08:00-16:00,DAS,1
E016,19,S2,08:00-16:00,DS,1
MEDIUM_E064,19,S2,08:00-16:00,DS,1
E034,19,S2,08:00-16:00,FSTC,1
E039,19,S2,08:00-16:00,FSTC,1
E032,19,S2,08:00-16:00,RS,1
MEDIUM_E054,19,S2,08:00-16:00,RS,1
E001,19,S2,08:00-16:00,SLS,1
MEDIUM_E049,19,S2,08:00-16:00,SLS,1
E044,19,S3,16:00-24:00,BLO,1
E047,19,S3,16:00-24:00,BLO,1
E002,19,S3,16:00-24:00,DAS,1
E015,19,S3,16:00-24:00,DAS,1
E020,19,S3,16:00-24:00,DAS,1
E021,19,S3,16:00-24:00,DAS,1
E022,19,S3,16:00-24:00,DAS,1
E028,19,S3,16:00-24:00,DAS,1
E031,19,S3,16:00-24:00,DAS,1
E037,19,S3,16:00-24:00,DAS,1
MEDIUM_E063,19,S3,16:00-24:00,DAS,1
MEDIUM_E066,19,S3,16:00-24:00,DAS,1
E013,19,S3,16:00-24:00,DS,1
MEDIUM_E058,19,S3,16:00-24:00,DS,1
E030,19,S3,16:00-24:00,FSTC,1
E035,19,S3,16:00-24:00,FSTC,1
E023,19,S3,16:00-24:00,RS,1
MEDIUM_E060,19,S3,16:00-24:00,RS,1
E017,19,S3,16:00-24:00,SLS,1
E043,19,S3,16:00-24:00,SLS,1
E008,20,S1,00:00-08:00,BLO,1
MEDIUM_E053,20,S1,00:00-08:00,BLO,1
E007,20,S1,00:00-08:00,DAS,1
E014,20,S1,00:00-08:00,DAS,1
E036,20,S1,00:00-08:00,DAS,1
E040,20,S1,00:00-08:00,DAS,1
MEDIUM_E051,20,S1,00:00-08:00,DAS,1
E010,20,S1,00:00-08:00,DS,1
MEDIUM_E061,20,S1,00:00-08:00,DS,1
E026,20,S1,00:00-08:00,FSTC,1
E033,20,S1,00:00-08:00,FSTC,1
E012,20,S1,00:00-08:00,RS,1
E042,20,S1,00:00-08:00,SLS,1
MEDIUM_E065,20,S1,00:00-08:00,SLS,1
E005,20,S2,08:00-16:00,BLO,1
E003,20,S2,08:00-16:00,DAS,1
E004,20,S2,08:00-16:00,DAS,1
E009,20,S2,08:00-16:00,DAS,1
E011,20,S2,08:00-16:00,DAS,1
E027,20,S2,08:00-16:00,DAS,1
E029,20,S2,08:00-16:00,DAS,1
E045,20,S2,08:00-16:00,DAS,1
E046,20,S2,08:00-16:00,DAS,1
MEDIUM_E062,20,S2,08:00-16:00,DAS,1
E016,20,S2,08:00-16:00,DS,1
MEDIUM_E064,20,S2,08:00-16:00,DS,1
E034,20,S2,08:00-16:00,FSTC,1
E039,20,S2,08:00-16:00,FSTC,1
E024,20,S2,08:00-16:00,RS,1
MEDIUM_E054,20,S2,08:00-16:00,RS,1
E001,20,S2,08:00-16:00,SLS,1
E025,20,S2,08:00-16:00,SLS,1
E044,20,S3,16:00-24:00,BLO,1
E047,20,S3,16:00-24:00,BLO,1
E015,20,S3,16:00-24:00,DAS,1
E018,20,S3,16:00-24:00,DAS,1
E021,20,S3,16:00-24:00,DAS,1
E028,20,S3,16:00-24:00,DAS,1
E037,20,S3,16:00-24:00,DAS,1
E038,20,S3,16:00-24:00,DAS,1
MEDIUM_E050,20,S3,16:00-24:00,DAS,1
MEDIUM_E063,20,S3,16:00-24:00,DAS,1
MEDIUM_E067,20,S3,16:00-24:00,DAS,1
MEDIUM_E068,20,S3,16:00-24:00,DAS,1
MEDIUM_E069,20,S3,16:00-24:00,DAS,1
MEDIUM_E070,20,S3,16:00-24:00,DAS,1
E013,20,S3,16:00-24:00,DS,1
MEDIUM_E058,20,S3,16:00-24:00,DS,1
E030,20,S3,16:00-24:00,FSTC,1
E035,20,S3,16:00-24:00,FSTC,1
E023,20,S3,16:00-24:00,RS,1
MEDIUM_E060,20,S3,16:00-24:00,RS,1
E017,20,S3,16:00-24:00,SLS,1
E043,20,S3,16:00-24:00,SLS,1
E008,21,S1,00:00-08:00,BLO,1
MEDIUM_E052,21,S1,00:00-08:00,BLO,1
E019,21,S1,00:00-08:00,DAS,1
E020,21,S1,00:00-08:00,DAS,1
E036,21,S1,00:00-08:00,DAS,1
MEDIUM_E057,21,S1,00:00-08:00,DAS,1
MEDIUM_E059,21,S1,00:00-08:00,DAS,1
E010,21,S1,00:00-08:00,DS,1
E041,21,S1,00:00-08:00,DS,1
E033,21,S1,00:00-08:00,FSTC,1
MEDIUM_E066,21,S1,00:00-08:00,FSTC,1
E006,21,S1,00:00-08:00,RS,1
E012,21,S1,00:00-08:00,RS,1
MEDIUM_E053,21,S1,00:00-08:00,SLS,1
MEDIUM_E065,21,S1,00:00-08:00,SLS,1
E005,21,S2,08:00-16:00,BLO,1
MEDIUM_E056,21,S2,08:00-16:00,BLO,1
E003,21,S2,08:00-16:00,DAS,1
E004,21,S2,08:00-16:00,DAS,1
E007,21,S2,08:00-16:00,DAS,1
E011,21,S2,08:00-16:00,DAS,1
E014,21,S2,08:00-16:00,DAS,1
E029,21,S2,08:00-16:00,DAS,1
E045,21,S2,08:00-16:00,DAS,1
E046,21,S2,08:00-16:00,DAS,1
MEDIUM_E055,21,S2,08:00-16:00,DAS,1
E016,21,S2,08:00-16:00,DS,1
E027,21,S2,08:00-16:00,DS,1
E034,21,S2,08:00-16:00,FSTC,1
E039,21,S2,08:00-16:00,FSTC,1
E032,21,S2,08:00-16:00,RS,1
MEDIUM_E054,21,S2,08:00-16:00,RS,1
E001,21,S2,08:00-16:00,SLS,1
MEDIUM_E049,21,S2,08:00-16:00,SLS,1
E044,21,S3,16:00-24:00,BLO,1
E047,21,S3,16:00-24:00,BLO,1
E002,21,S3,16:00-24:00,DAS,1
E021,21,S3,16:00-24:00,DAS,1
E022,21,S3,16:00-24:00,DAS,1
E028,21,S3,16:00-24:00,DAS,1
E038,21,S3,16:00-24:00,DAS,1
MEDIUM_E050,21,S3,16:00-24:00,DAS,1
MEDIUM_E063,21,S3,16:00-24:00,DAS,1
MEDIUM_E069,21,S3,16:00-24:00,DAS,1
MEDIUM_E070,21,S3,16:00-24:00,DAS,1
E013,21,S3,16:00-24:00,DS,1
MEDIUM_E061,21,S3,16:00-24:00,DS,1
E035,21,S3,16:00-24:00,FSTC,1
E048,21,S3,16:00-24:00,FSTC,1
E023,21,S3,16:00-24:00,RS,1
MEDIUM_E060,21,S3,16:00-24:00,RS,1
E017,21,S3,16:00-24:00,SLS,1
E043,21,S3,16:00-24:00,SLS,1
MEDIUM_E052,22,S1,00:00-08:00,BLO,1
MEDIUM_E062,22,S1,00:00-08:00,BLO,1
E009,22,S1,00:00-08:00,DAS,1
E019,22,S1,00:00-08:00,DAS,1
E031,22,S1,00:00-08:00,DAS,1
MEDIUM_E059,22,S1,00:00-08:00,DAS,1
MEDIUM_E068,22,S1,00:00-08:00,DAS,1
E041,22,S1,00:00-08:00,DS,1
E030,22,S1,00:00-08:00,FSTC,1
MEDIUM_E066,22,S1,00:00-08:00,FSTC,1
E006,22,S1,00:00-08:00,RS,1
MEDIUM_E053,22,S1,00:00-08:00,SLS,1
E004,22,S2,08:00-16:00,BLO,1
MEDIUM_E056,22,S2,08:00-16:00,BLO,1
E003,22,S2,08:00-16:00,DAS,1
E007,22,S2,08:00-16:00,DAS,1
E011,22,S2,08:00-16:00,DAS,1
E014,22,S2,08:00-16:00,DAS,1
E027,22,S2,08:00-16:00,DAS,1
E040,22,S2,08:00-16:00,DAS,1
E045,22,S2,08:00-16:00,DAS,1
E046,22,S2,08:00-16:00,DAS,1
MEDIUM_E051,22,S2,08:00-16:00,DAS,1
MEDIUM_E055,22,S2,08:00-16:00,DAS,1
MEDIUM_E057,22,S2,08:00-16:00,DAS,1
E010,22,S2,08:00-16:00,DS,1
MEDIUM_E064,22,S2,08:00-16:00,DS,1
E026,22,S2,08:00-16:00,FSTC,1
E034,22,S2,08:00-16:00,FSTC,1
E024,22,S2,08:00-16:00,RS,1
E032,22,S2,08:00-16:00,RS,1
E042,22,S2,08:00-16:00,SLS,1
MEDIUM_E049,22,S2,08:00-16:00,SLS,1
E005,22,S3,16:00-24:00,BLO,1
E047,22,S3,16:00-24:00,BLO,1
E002,22,S3,16:00-24:00,DAS,1
E015,22,S3,16:00-24:00,DAS,1
E021,22,S3,16:00-24:00,DAS,1
E022,22,S3,16:00-24:00,DAS,1
E028,22,S3,16:00-24:00,DAS,1
E037,22,S3,16:00-24:00,DAS,1
E038,22,S3,16:00-24:00,DAS,1
MEDIUM_E050,22,S3,16:00-24:00,DAS,1
MEDIUM_E063,22,S3,16:00-24:00,DAS,1
MEDIUM_E067,22,S3,16:00-24:00,DAS,1
MEDIUM_E069,22,S3,16:00-24:00,DAS,1
MEDIUM_E070,22,S3,16:00-24:00,DAS,1
MEDIUM_E058,22,S3,16:00-24:00,DS,1
MEDIUM_E061,22,S3,16:00-24:00,DS,1
E033,22,S3,16:00-24:00,FSTC,1
E048,22,S3,16:00-24:00,FSTC,1
E012,22,S3,16:00-24:00,RS,1
E023,22,S3,16:00-24:00,RS,1
E017,22,S3,16:00-24:00,SLS,1
MEDIUM_E065,22,S3,16:00-24:00,SLS,1
E008,23,S1,00:00-08:00,BLO,1
E044,23,S1,00:00-08:00,BLO,1
E009,23,S1,00:00-08:00,DAS,1
E019,23,S1,00:00-08:00,DAS,1
E031,23,S1,00:00-08:00,DAS,1
MEDIUM_E062,23,S1,00:00-08:00,DAS,1
MEDIUM_E068,23,S1,00:00-08:00,DAS,1
E013,23,S1,00:00-08:00,DS,1
E016,23,S1,00:00-08:00,DS,1
E018,23,S1,00:00-08:00,FSTC,1
MEDIUM_E066,23,S1,00:00-08:00,FSTC,1
MEDIUM_E054,23,S1,00:00-08:00,RS,1
E001,23,S1,00:00-08:00,SLS,1
E025,23,S1,00:00-08:00,SLS,1
MEDIUM_E053,23,S2,08:00-16:00,BLO,1
MEDIUM_E056,23,S2,08:00-16:00,BLO,1
E003,23,S2,08:00-16:00,DAS,1
E007,23,S2,08:00-16:00,DAS,1
E011,23,S2,08:00-16:00,DAS,1
E014,23,S2,08:00-16:00,DAS,1
E029,23,S2,08:00-16:00,DAS,1
E036,23,S2,08:00-16:00,DAS,1
E040,23,S2,08:00-16:00,DAS,1
E045,23,S2,08:00-16:00,DAS,1
MEDIUM_E051,23,S2,08:00-16:00,DAS,1
MEDIUM_E052,23,S2,08:00-16:00,DAS,1
MEDIUM_E055,23,S2,08:00-16:00,DAS,1
MEDIUM_E057,23,S2,08:00-16:00,DAS,1
E027,23,S2,08:00-16:00,DS,1
MEDIUM_E064,23,S2,08:00-16:00,DS,1
E026,23,S2,08:00-16:00,FSTC,1
E039,23,S2,08:00-16:00,FSTC,1
E024,23,S2,08:00-16:00,RS,1
E032,23,S2,08:00-16:00,RS,1
E042,23,S2,08:00-16:00,SLS,1
MEDIUM_E049,23,S2,08:00-16:00,SLS,1
E041,23,S3,16:00-24:00,BLO,1
E002,23,S3,16:00-24:00,DAS,1
E012,23,S3,16:00-24:00,DAS,1
E015,23,S3,16:00-24:00,DAS,1
E020,23,S3,16:00-24:00,DAS,1
E021,23,S3,16:00-24:00,DAS,1
E022,23,S3,16:00-24:00,DAS,1
E037,23,S3,16:00-24:00,DAS,1
E038,23,S3,16:00-24:00,DAS,1
MEDIUM_E050,23,S3,16:00-24:00,DAS,1
MEDIUM_E067,23,S3,16:00-24:00,DAS,1
MEDIUM_E069,23,S3,16:00-24:00,DAS,1
MEDIUM_E070,23,S3,16:00-24:00,DAS,1
MEDIUM_E058,23,S3,16:00-24:00,DS,1
MEDIUM_E061,23,S3,16:00-24:00,DS,1
E035,23,S3,16:00-24:00,FSTC,1
E048,23,S3,16:00-24:00,FSTC,1
E006,23,S3,16:00-24:00,RS,1
MEDIUM_E060,23,S3,16:00-24:00,RS,1
E043,23,S3,16:00-24:00,SLS,1
MEDIUM_E065,23,S3,16:00-24:00,SLS,1
E008,24,S1,00:00-08:00,BLO,1
E044,24,S1,00:00-08:00,BLO,1
E004,24,S1,00:00-08:00,DAS,1
E031,24,S1,00:00-08:00,DAS,1
E046,24,S1,00:00-08:00,DAS,1
E047,24,S1,00:00-08:00,DAS,1
MEDIUM_E059,24,S1,00:00-08:00,DAS,1
E016,24,S1,00:00-08:00,DS,1
E034,24,S1,00:00-08:00,DS,1
E030,24,S1,00:00-08:00,FSTC,1
E033,24,S1,00:00-08:00,FSTC,1
E023,24,S1,00:00-08:00,RS,1
MEDIUM_E054,24,S1,00:00-08:00,RS,1
E005,24,S1,00:00-08:00,SLS,1
E025,24,S1,00:00-08:00,SLS,1
MEDIUM_E053,24,S2,08:00-16:00,BLO,1
MEDIUM_E056,24,S2,08:00-16:00,BLO,1
E003,24,S2,08:00-16:00,DAS,1
E007,24,S2,08:00-16:00,DAS,1
E009,24,S2,08:00-16:00,DAS,1
E010,24,S2,08:00-16:00,DAS,1
E011,24,S2,08:00-16:00,DAS,1
E029,24,S2,08:00-16:00,DAS,1
E036,24,S2,08:00-16:00,DAS,1
E040,24,S2,08:00-16:00,DAS,1
MEDIUM_E051,24,S2,08:00-16:00,DAS,1
MEDIUM_E052,24,S2,08:00-16:00,DAS,1
MEDIUM_E055,24,S2,08:00-16:00,DAS,1
MEDIUM_E057,24,S2,08:00-16:00,DAS,1
E027,24,S2,08:00-16:00,DS,1
MEDIUM_E064,24,S2,08:00-16:00,DS,1
E026,24,S2,08:00-16:00,FSTC,1
E039,24,S2,08:00-16:00,FSTC,1
E024,24,S2,08:00-16:00,RS,1
E032,24,S2,08:00-16:00,RS,1
E001,24,S2,08:00-16:00,SLS,1
E042,24,S2,08:00-16:00,SLS,1
E041,24,S3,16:00-24:00,BLO,1
MEDIUM_E062,24,S3,16:00-24:00,BLO,1
E002,24,S3,16:00-24:00,DAS,1
E018,24,S3,16:00-24:00,DAS,1
E019,24,S3,16:00-24:00,DAS,1
E022,24,S3,16:00-24:00,DAS,1
E028,24,S3,16:00-24:00,DAS,1
E037,24,S3,16:00-24:00,DAS,1
E038,24,S3,16:00-24:00,DAS,1
MEDIUM_E050,24,S3,16:00-24:00,DAS,1
MEDIUM_E060,24,S3,16:00-24:00,DAS,1
MEDIUM_E063,24,S3,16:00-24:00,DAS,1
MEDIUM_E069,24,S3,16:00-24:00,DAS,1
MEDIUM_E070,24,S3,16:00-24:00,DAS,1
E013,24,S3,16:00-24:00,DS,1
MEDIUM_E058,24,S3,16:00-24:00,DS,1
E048,24,S3,16:00-24:00,FSTC,1
MEDIUM_E066,24,S3,16:00-24:00,FSTC,1
E006,24,S3,16:00-24:00,RS,1
E012,24,S3,16:00-24:00,RS,1
E043,24,S3,16:00-24:00,SLS,1
MEDIUM_E065,24,S3,16:00-24:00,SLS,1
E005,25,S1,00:00-08:00,BLO,1
E008,25,S1,00:00-08:00,BLO,1
E020,25,S1,00:00-08:00,DAS,1
E046,25,S1,00:00-08:00,DAS,1
E047,25,S1,00:00-08:00,DAS,1
MEDIUM_E059,25,S1,00:00-08:00,DAS,1
MEDIUM_E067,25,S1,00:00-08:00,DAS,1
MEDIUM_E068,25,S1,00:00-08:00,DAS,1
E034,25,S1,00:00-08:00,DS,1
MEDIUM_E061,25,S1,00:00-08:00,DS,1
E033,25,S1,00:00-08:00,FSTC,1
E035,25,S1,00:00-08:00,FSTC,1
MEDIUM_E054,25,S1,00:00-08:00,RS,1
E017,25,S1,00:00-08:00,SLS,1
E014,25,S2,08:00-16:00,BLO,1
MEDIUM_E056,25,S2,08:00-16:00,BLO,1
E004,25,S2,08:00-16:00,DAS,1
E007,25,S2,08:00-16:00,DAS,1
E009,25,S2,08:00-16:00,DAS,1
E029,25,S2,08:00-16:00,DAS,1
E036,25,S2,08:00-16:00,DAS,1
E040,25,S2,08:00-16:00,DAS,1
E045,25,S2,08:00-16:00,DAS,1
MEDIUM_E051,25,S2,08:00-16:00,DAS,1
MEDIUM_E052,25,S2,08:00-16:00,DAS,1
MEDIUM_E055,25,S2,08:00-16:00,DAS,1
MEDIUM_E057,25,S2,08:00-16:00,DAS,1
E016,25,S2,08:00-16:00,DS,1
MEDIUM_E064,25,S2,08:00-16:00,DS,1
E026,25,S2,08:00-16:00,FSTC,1
E039,25,S2,08:00-16:00,FSTC,1
E024,25,S2,08:00-16:00,RS,1
E032,25,S2,08:00-16:00,RS,1
E025,25,S2,08:00-16:00,SLS,1
MEDIUM_E049,25,S2,08:00-16:00,SLS,1
E041,25,S3,16:00-24:00,BLO,1
MEDIUM_E053,25,S3,16:00-24:00,BLO,1
E002,25,S3,16:00-24:00,DAS,1
E015,25,S3,16:00-24:00,DAS,1
E018,25,S3,16:00-24:00,DAS,1
E022,25,S3,16:00-24:00,DAS,1
E028,25,S3,16:00-24:00,DAS,1
E031,25,S3,16:00-24:00,DAS,1
E038,25,S3,16:00-24:00,DAS,1
MEDIUM_E050,25,S3,16:00-24:00,DAS,1
MEDIUM_E063,25,S3,16:00-24:00,DAS,1
MEDIUM_E066,25,S3,16:00-24:00,DAS,1
MEDIUM_E069,25,S3,16:00-24:00,DAS,1
MEDIUM_E070,25,S3,16:00-24:00,DAS,1
E013,25,S3,16:00-24:00,DS,1
MEDIUM_E058,25,S3,16:00-24:00,DS,1
E030,25,S3,16:00-24:00,FSTC,1
E048,25,S3,16:00-24:00,FSTC,1
E023,25,S3,16:00-24:00,RS,1
MEDIUM_E060,25,S3,16:00-24:00,RS,1
E043,25,S3,16:00-24:00,SLS,1
MEDIUM_E065,25,S3,16:00-24:00,SLS,1
E005,26,S1,00:00-08:00,BLO,1
MEDIUM_E062,26,S1,00:00-08:00,BLO,1
E003,26,S1,00:00-08:00,DAS,1
E019,26,S1,00:00-08:00,DAS,1
MEDIUM_E059,26,S1,00:00-08:00,DAS,1
MEDIUM_E067,26,S1,00:00-08:00,DAS,1
MEDIUM_E068,26,S1,00:00-08:00,DAS,1
E010,26,S1,00:00-08:00,DS,1
MEDIUM_E061,26,S1,00:00-08:00,DS,1
E034,26,S1,00:00-08:00,FSTC,1
E035,26,S1,00:00-08:00,FSTC,1
E006,26,S1,00:00-08:00,RS,1
E012,26,S1,00:00-08:00,RS,1
E001,26,S1,00:00-08:00,SLS,1
E042,26,S1,00:00-08:00,SLS,1
E008,26,S2,08:00-16:00,BLO,1
MEDIUM_E056,26,S2,08:00-16:00,BLO,1
E004,26,S2,08:00-16:00,DAS,1
E009,26,S2,08:00-16:00,DAS,1
E011,26,S2,08:00-16:00,DAS,1
E014,26,S2,08:00-16:00,DAS,1
E029,26,S2,08:00-16:00,DAS,1
E036,26,S2,08:00-16:00,DAS,1
E040,26,S2,08:00-16:00,DAS,1
E045,26,S2,08:00-16:00,DAS,1
E046,26,S2,08:00-16:00,DAS,1
MEDIUM_E051,26,S2,08:00-16:00,DAS,1
MEDIUM_E052,26,S2,08:00-16:00,DAS,1
MEDIUM_E057,26,S2,08:00-16:00,DAS,1
E016,26,S2,08:00-16:00,DS,1
E027,26,S2,08:00-16:00,DS,1
E026,26,S2,08:00-16:00,FSTC,1
E039,26,S2,08:00-16:00,FSTC,1
E032,26,S2,08:00-16:00,RS,1
MEDIUM_E054,26,S2,08:00-16:00,RS,1
E025,26,S2,08:00-16:00,SLS,1
MEDIUM_E049,26,S2,08:00-16:00,SLS,1
E044,26,S3,16:00-24:00,BLO,1
E047,26,S3,16:00-24:00,BLO,1
E002,26,S3,16:00-24:00,DAS,1
E015,26,S3,16:00-24:00,DAS,1
E018,26,S3,16:00-24:00,DAS,1
E020,26,S3,16:00-24:00,DAS,1
E021,26,S3,16:00-24:00,DAS,1
E022,26,S3,16:00-24:00,DAS,1
E028,26,S3,16:00-24:00,DAS,1
E037,26,S3,16:00-24:00,DAS,1
MEDIUM_E063,26,S3,16:00-24:00,DAS,1
E013,26,S3,16:00-24:00,DS,1
MEDIUM_E058,26,S3,16:00-24:00,DS,1
E030,26,S3,16:00-24:00,FSTC,1
E048,26,S3,16:00-24:00,FSTC,1
E023,26,S3,16:00-24:00,RS,1
MEDIUM_E060,26,S3,16:00-24:00,RS,1
E017,26,S3,16:00-24:00,SLS,1
E043,26,S3,16:00-24:00,SLS,1
MEDIUM_E053,27,S1,00:00-08:00,BLO,1
MEDIUM_E062,27,S1,00:00-08:00,BLO,1
E003,27,S1,00:00-08:00,DAS,1
E031,27,S1,00:00-08:00,DAS,1
MEDIUM_E055,27,S1,00:00-08:00,DAS,1
MEDIUM_E066,27,S1,00:00-08:00,DAS,1
MEDIUM_E068,27,S1,00:00-08:00,DAS,1
E010,27,S1,00:00-08:00,DS,1
E041,27,S1,00:00-08:00,DS,1
E033,27,S1,00:00-08:00,FSTC,1
E035,27,S1,00:00-08:00,FSTC,1
E006,27,S1,00:00-08:00,RS,1
E012,27,S1,00:00-08:00,RS,1
E001,27,S1,00:00-08:00,SLS,1
E042,27,S1,00:00-08:00,SLS,1
MEDIUM_E065,27,S1,00:00-08:00,SLS,1
E008,27,S2,08:00-16:00,BLO,1
E004,27,S2,08:00-16:00,DAS,1
E007,27,S2,08:00-16:00,DAS,1
E009,27,S2,08:00-16:00,DAS,1
E011,27,S2,08:00-16:00,DAS,1
E014,27,S2,08:00-16:00,DAS,1
E027,27,S2,08:00-16:00,DAS,1
E029,27,S2,08:00-16:00,DAS,1
E034,27,S2,08:00-16:00,DAS,1
E036,27,S2,08:00-16:00,DAS,1
E040,27,S2,08:00-16:00,DAS,1
E045,27,S2,08:00-16:00,DAS,1
E046,27,S2,08:00-16:00,DAS,1
E016,27,S2,08:00-16:00,DS,1
MEDIUM_E064,27,S2,08:00-16:00,DS,1
E026,27,S2,08:00-16:00,FSTC,1
E039,27,S2,08:00-16:00,FSTC,1
E024,27,S2,08:00-16:00,RS,1
MEDIUM_E054,27,S2,08:00-16:00,RS,1
E025,27,S2,08:00-16:00,SLS,1
MEDIUM_E049,27,S2,08:00-16:00,SLS,1
E005,27,S3,16:00-24:00,BLO,1
E044,27,S3,16:00-24:00,BLO,1
E015,27,S3,16:00-24:00,DAS,1
E018,27,S3,16:00-24:00,DAS,1
E021,27,S3,16:00-24:00,DAS,1
E028,27,S3,16:00-24:00,DAS,1
E038,27,S3,16:00-24:00,DAS,1
MEDIUM_E050,27,S3,16:00-24:00,DAS,1
MEDIUM_E063,27,S3,16:00-24:00,DAS,1
MEDIUM_E069,27,S3,16:00-24:00,DAS,1
MEDIUM_E070,27,S3,16:00-24:00,DAS,1
E013,27,S3,16:00-24:00,DS,1
MEDIUM_E058,27,S3,16:00-24:00,DS,1
MEDIUM_E061,27,S3,16:00-24:00,DS,1
E030,27,S3,16:00-24:00,FSTC,1
E037,27,S3,16:00-24:00,FSTC,1
E023,27,S3,16:00-24:00,RS,1
MEDIUM_E060,27,S3,16:00-24:00,RS,1
E017,27,S3,16:00-24:00,SLS,1
E043,27,S3,16:00-24:00,SLS,1
E047,28,S1,00:00-08:00,BLO,1
MEDIUM_E056,28,S1,00:00-08:00,BLO,1
MEDIUM_E051,28,S1,00:00-08:00,DAS,1
MEDIUM_E052,28,S1,00:00-08:00,DAS,1
MEDIUM_E055,28,S1,00:00-08:00,DAS,1
MEDIUM_E057,28,S1,00:00-08:00,DAS,1
MEDIUM_E067,28,S1,00:00-08:00,DAS,1
E010,28,S1,00:00-08:00,DS,1
E041,28,S1,00:00-08:00,DS,1
E033,28,S1,00:00-08:00,FSTC,1
E048,28,S1,00:00-08:00,FSTC,1
E012,28,S1,00:00-08:00,RS,1
E032,28,S1,00:00-08:00,RS,1
E001,28,S1,00:00-08:00,SLS,1
MEDIUM_E065,28,S1,00:00-08:00,SLS,1
E008,28,S2,08:00-16:00,BLO,1
MEDIUM_E053,28,S2,08:00-16:00,BLO,1
E003,28,S2,08:00-16:00,DAS,1
E004,28,S2,08:00-16:00,DAS,1
E007,28,S2,08:00-16:00,DAS,1
E011,28,S2,08:00-16:00,DAS,1
E014,28,S2,08:00-16:00,DAS,1
E027,28,S2,08:00-16:00,DAS,1
E029,28,S2,08:00-16:00,DAS,1
E036,28,S2,08:00-16:00,DAS,1
E042,28,S2,08:00-16:00,DAS,1
E045,28,S2,08:00-16:00,DAS,1
E046,28,S2,08:00-16:00,DAS,1
MEDIUM_E059,28,S2,08:00-16:00,DAS,1
E016,28,S2,08:00-16:00,DS,1
MEDIUM_E064,28,S2,08:00-16:00,DS,1
E034,28,S2,08:00-16:00,FSTC,1
E039,28,S2,08:00-16:00,FSTC,1
E024,28,S2,08:00-16:00,RS,1
MEDIUM_E054,28,S2,08:00-16:00,RS,1
E025,28,S2,08:00-16:00,SLS,1
MEDIUM_E049,28,S2,08:00-16:00,SLS,1
E005,28,S3,16:00-24:00,BLO,1
E044,28,S3,16:00-24:00,BLO,1
E002,28,S3,16:00-24:00,DAS,1
E015,28,S3,16:00-24:00,DAS,1
E019,28,S3,16:00-24:00,DAS,1
E020,28,S3,16:00-24:00,DAS,1
E021,28,S3,16:00-24:00,DAS,1
E022,28,S3,16:00-24:00,DAS,1
E031,28,S3,16:00-24:00,DAS,1
E038,28,S3,16:00-24:00,DAS,1
MEDIUM_E050,28,S3,16:00-24:00,DAS,1
MEDIUM_E063,28,S3,16:00-24:00,DAS,1
MEDIUM_E069,28,S3,16:00-24:00,DAS,1
MEDIUM_E070,28,S3,16:00-24:00,DAS,1
E013,28,S3,16:00-24:00,DS,1
MEDIUM_E061,28,S3,16:00-24:00,DS,1
E018,28,S3,16:00-24:00,FSTC,1
E030,28,S3,16:00-24:00,FSTC,1
E023,28,S3,16:00-24:00,RS,1
MEDIUM_E060,28,S3,16:00-24:00,RS,1
E017,28,S3,16:00-24:00,SLS,1
E043,28,S3,16:00-24:00,SLS,1
